{"min": [246.7, 253.288, 257.59950000000003, 0.0, 0.40651319903729005, -0.04998185117967324, -0.08032503955127279], "max": [286.19, 280.36499999999995, 277.514, 99.9999999875, 2.986454796003335, 0.040581162324649256, 0.07818593043207], "feature_range": [0, 1]}