{"min": [367.96, 392.7815, 398.47425, 0.0, 0.4237847205437572, -0.06644217371110084, -0.09849521203830369], "max": [489.88, 479.1539999999999, 464.70050000000003, 99.99999997916666, 1.4877033752463158, 0.06824516096039268, 0.10043354224228951], "feature_range": [0, 1]}